{"sequence":"ACTGACTG","logits":null,"sampled_probs":[0.9093284010887146,0.8878047466278076,0.9134935140609741,0.9057835340499878,0.9334527850151062,0.9210169911384583,0.9327641129493713,0.9263049960136414],"elapsed_ms":641,"elapsed_ms_per_token":null}